DATE, DB, G1, G2, G3, G4, G5, G6, G7, KT
14/05/2023,67753,19470, 84443-50523, 48507-10048-72799-01556-83623-77648, 4096-6164-8307-8743, 6036-2853-0517-5167-2679-3096, 454-812-208, 76-52-85-51, 10RD-4RD-11RD-2RD-12RD-5RD
13/05/2023,19949,70603, 83105-86922, 04612-77933-98947-17393-21474-09615, 4996-8991-7581-3443, 2415-2468-9975-7844-5836-7768, 209-521-997, 68-90-08-10, 7RE-15RE-10RE-12RE-13RE-1RE
12/5/2023,84102,12141, 03914-59392, 89476-73718-53418-26470-04401-87540, 9810-7384-5603-4657, 1245-1444-2197-7581-5850-1090, 531-230-371, 43-75-65-00, 8RF-6RF-11RF-3RF-7RF-5RF
11/5/2023,63134,66488, 83106-50659, 64327-85253-06416-70969-92174-48990, 8984-4436-1466-5849, 8638-1964-7075-3741-1240-4458, 860-897-971, 55-78-73-80, 11RG-8RG-14RG-9RG-15RG-5RG
10/5/2023,97996,66184, 81579-19025, 25267-82002-34364-80746-09850-02979, 5509-2451-3535-0484, 9156-1859-0249-6927-7902-2659, 556-891-491, 05-43-19-84, 12RH-3RH-13RH-6RH-4RH-9RH
9/5/2023,58546,87138, 70752-46168, 96208-31488-86067-22183-37859-54970, 5523-1471-7978-9994, 2767-1142-9742-9327-1226-7965, 921-554-160, 30-25-64-14, 9RK-1RK-15RK-3RK-2RK-11RK
8/5/2023,44481,8861, 02832-00516, 79797-97171-25884-01962-05448-08284, 6836-5645-2536-8583, 3262-5900-6671-7555-0793-2640, 441-909-144, 21-92-26-62, 2RL-12RL-9RL-11RL-10RL-5RL
7/5/2023,88060,4143, 28610-84265, 13198-37540-14699-88940-74267-27235, 3713-8736-2531-9024, 3384-1936-9737-4003-8660-1216, 887-368-121, 95-86-64-42, 14RM-4RM-11RM-15RM-2RM-12RM
6/5/2023,2904,87627, 84022-69837, 43316-26074-17200-07162-44168-45606, 6611-3858-7560-8625, 7551-8919-0927-7435-4397-8312, 438-142-508, 16-26-19-62, 14RN-2RN-11RN-7RN-10RN-12RN
5/5/2023,82647,95546, 39378-98658, 97994-13760-07192-61645-91254-34455, 5511-4527-0642-4236, 0155-7861-2259-0242-1787-5726, 432-624-534, 16-14-72-39, 13RP-6RP-15RP-2RP-7RP-3RP
4/5/2023,81918,25824, 12136-10697, 61949-33310-79061-22400-85742-85067, 1177-4922-6028-9883, 4177-1011-8968-3260-7500-7006, 561-096-553, 87-35-49-42, 12RQ-10RQ-6RQ-14RQ-3RQ-9RQ-16RQ-2RQ
3/5/2023,85576,51335, 81665-42261, 02390-74032-02490-49728-77920-86355, 6100-4962-8993-4459, 5312-8561-7613-8129-8389-1776, 880-237-406, 67-28-41-12, 13RS-4RS-7RS-12RS-3RS-14RS
2/5/2023,865,40456, 42008-20843, 65177-77430-46157-48808-12760-42502, 2066-1981-7988-5669, 1644-6108-7298-4086-4818-6593, 473-470-221, 70-61-52-02, 7RT-3RT-1RT-10RT-4RT-9RT
1/5/2023,61820,92980, 75547-22089, 48152-67318-78622-65301-40398-81980, 3658-6406-0212-2988, 4791-9748-1765-2248-3694-0371, 389-974-716, 84-00-14-58, 4RU-15RU-13RU-9RU-6RU-3RU
30/04/2023,90819,14462, 46938-76537, 64883-87706-17676-03683-13446-65386, 6589-1038-8701-2478, 2368-5706-7865-8484-1913-5540, 027-311-663, 50-70-88-22, 6RV-2RV-14RV-8RV-15RV-13RV
29/04/2023,54639,71291, 41698-59064, 63882-53656-95705-24224-25635-22662, 8260-0406-4970-2455, 1445-6930-6352-4790-5507-1824, 123-603-919, 91-31-29-21, 12RX-13RX-9RX-3RX-7RX-6RX
28/04/2023,13196,47757, 75260-25528, 62526-11485-39031-20967-51864-02270, 8012-6085-1150-4819, 0020-6500-1331-3462-5653-8899, 993-308-910, 24-38-96-66, 19RY-6RY-17RY-9RY-18RY-8RY-7RY-16RY
27/04/2023,80755,28579, 97673-33524, 85938-05886-47570-39895-91973-30964, 5084-4957-4141-7474, 2445-9443-4893-8832-2490-7827, 068-670-765, 74-02-50-16, 11RZ-14RZ-15RZ-5RZ-8RZ-13RZ
26/04/2023,89675,47122, 87741-90868, 67189-59356-20187-85300-27642-74897, 4117-8648-2445-1811, 3606-9255-9511-2703-6045-1826, 148-330-095, 17-60-41-90, 1QA-4QA-2QA-3QA-10QA-15QA
25/04/2023,85483,95809, 40929-91988, 44027-49981-53615-12157-65973-10644, 6550-6342-6838-1286, 6306-7235-4898-4217-4655-9170, 711-370-029, 06-58-25-66, 11QB-2QB-3QB-12QB-1QB-7QB
24/04/2023,42105,6909, 54521-44002, 05311-76581-98146-75329-02653-37386, 8315-2375-1673-0403, 2683-9581-3630-3726-0379-1451, 347-874-370, 48-86-10-63, 15QC-12QC-10QC-4QC-13QC-7QC
23/04/2023,71679,11948, 89314-26195, 31992-01338-97876-72042-28863-33582, 6431-1496-3962-2888, 4428-9325-3137-9739-8915-0551, 388-551-461, 06-16-53-35, 9QD-6QD-11QD-3QD-4QD-12QD
22/04/2023,64652,14539, 92652-95297, 95663-75831-78042-71169-20553-16952, 1443-5271-6924-9301, 1177-8032-9908-2351-6303-1361, 261-724-234, 23-97-41-22, 2QE-7QE-8QE-9QE-1QE-5QE
21/04/2023,47914,60797, 59717-14501, 34329-85460-96221-89853-40346-68305, 3448-1189-9419-1707, 4739-7719-4691-4875-9253-2716, 562-636-836, 94-07-65-97, 11QF-15QF-6QF-8QF-13QF-7QF
20/04/2023,24623,35847, 45787-01860, 60014-43972-03011-92939-16867-88829, 9147-8938-7278-4241, 5191-7286-3721-1848-9359-8717, 331-135-823, 00-46-30-93, 8QG-11QG-9QG-20QG-14QG-12QG-6QG-1QG
19/04/2023,46285,47600, 89103-41915, 35857-82917-07914-80475-55113-18084, 6314-7550-9636-4717, 9880-7949-0301-6813-5152-5895, 877-990-348, 99-88-52-04, 11QH-6QH-2QH-4QH-10QH-9QH
18/04/2023,71661,24615, 03759-25581, 31440-21532-47030-21563-46633-13680, 4825-2001-6675-0958, 9186-8717-4444-3440-5927-7853, 474-516-418, 02-44-69-34, 9QK-12QK-8QK-10QK-11QK-6QK
17/04/2023,65576,21834, 98341-78733, 68199-77368-98075-59580-47734-63176, 9274-4850-5518-3111, 7707-0739-1301-8058-5604-4191, 013-523-323, 07-12-63-92, 6QL-5QL-15QL-13QL-14QL-12QL
16/04/2023,41248,17827, 73986-79480, 41224-34610-25369-86403-80143-57669, 1141-3622-2677-0520, 1337-5356-2412-7235-8435-2100, 803-944-321, 26-28-70-72, 10QM-3QM-8QM-4QM-1QM-15QM
15/04/2023,27414,11010, 41330-97277, 74505-02583-25729-18319-80920-81572, 1080-8991-4942-4123, 9035-2575-9988-6255-7699-0135, 777-921-304, 11-53-81-27, 5QN-10QN-2QN-13QN-3QN-6QN
14/04/2023,57534,88770, 05720-91578, 03717-48451-94184-89449-05832-56081, 4943-4300-4803-7938, 2632-1938-4351-0270-7609-7302, 029-457-562, 88-23-60-79, 9QP-2QP-7QP-14QP-5QP-13QP
13/04/2023,44265,59509, 68989-53011, 99466-91198-56803-55404-06860-51761, 5199-2649-9460-1408, 5496-4857-9907-3867-9046-6692, 919-860-899, 63-35-38-12, 11QR-9QR-7QR-10QR-1QR-14QR
12/4/2023,37195,88982, 91410-39454, 68319-52423-13233-68277-21169-30216, 0142-3462-5629-2596, 5756-9121-6244-8253-6810-3857, 309-404-166, 97-54-39-28, 15QS-6QS-8QS-1QS-5QS-7QS
11/4/2023,16039,40045, 88796-43516, 95785-28723-74468-18671-71440-99436, 8150-0958-7169-4771, 1017-5415-7626-9898-1360-9496, 489-632-860, 22-64-26-84, 13QT-12QT-10QT-5QT-15QT-14QT
10/4/2023,6363,75304, 29505-25800, 33432-51472-46580-24161-76595-98352, 7743-7403-1859-9221, 3187-2855-8646-8584-0256-8458, 352-139-219, 13-54-34-96, 7QU-2QU-12QU-10QU-1QU-11QU
9/4/2023,10026,76693, 66574-62714, 54568-53998-95807-03990-50571-84713, 1316-0902-7909-3442, 3716-6641-4419-8431-3158-0433, 469-923-443, 02-73-58-12, 6QV-8QV-9QV-4QV-13QV-1QV
8/4/2023,29815,36073, 85333-58920, 97433-78280-03170-06858-88255-88818, 2712-0016-1596-5386, 0744-4503-9287-3859-3643-8366, 075-849-001, 12-54-73-22, 14QX-13QX-10QX-6QX-4QX-5QX
7/4/2023,49736,58224, 65556-14147, 58150-72738-43810-30812-33149-13629, 8908-1830-7439-0764, 6547-1958-9971-7786-2569-4304, 463-465-406, 00-44-72-22, 7QY-10QY-2QY-15QY-3QY-8QY
6/4/2023,89911,5742, 50512-78149, 88171-00910-17405-26389-88291-99363, 7605-2631-8658-7044, 8351-4521-5193-7433-2793-6406, 436-412-634, 60-25-68-65, 8QZ-13QZ-2QZ-11QZ-5QZ-6QZ
5/4/2023,96226,95972, 01247-51881, 41676-08715-40559-11220-01149-96249, 4359-4886-1952-1114, 6014-5500-7559-6213-7458-8014, 379-127-366, 85-26-25-55, 17PA-5PA-16PA-13PA-7PA-11PA-8PA-14PA
4/4/2023,75345,58033, 53624-14990, 65024-54180-48496-98824-68882-50488, 1050-3793-9904-2976, 6534-1659-3601-3421-3084-1283, 615-045-950, 44-38-59-88, 1PB-15PB-11PB-3PB-7PB-6PB
3/4/2023,52333,60129, 20276-16945, 79852-81184-82950-55742-41809-54881, 7123-3025-2171-9384, 5032-6746-5678-8084-0969-7357, 116-932-199, 65-89-71-53, 11PC-3PC-10PC-5PC-1PC-15PC
2/4/2023,1844,86587, 43090-21057, 57039-85367-50887-42799-15519-33621, 2573-5217-1536-8939, 2106-7124-5477-8497-6140-1356, 057-954-095, 96-07-70-77, 14PD-15PD-4PD-6PD-13PD-10PD
1/4/2023,70344,29158, 24102-22255, 23385-08995-78861-88142-93756-42929, 0962-4828-0948-7865, 5076-2309-1465-4650-5070-1375, 549-093-772, 09-18-34-91, 9PE-11PE-14PE-2PE-10PE-12PE
31/03/2023,59381,50062, 41803-74247, 29789-25048-78541-21351-15625-53386, 8847-1248-2881-7647, 3187-0628-3153-7468-8667-7883, 834-295-592, 42-08-22-16, 4PF-1PF-8PF-12PF-5PF-6PF
30/03/2023,11504,13132, 43820-11937, 91023-02686-33623-25816-44645-58918, 9812-8664-1685-4375, 6194-6939-9829-3640-4213-8870, 374-236-642, 17-95-41-89, 11PG-14PG-4PG-2PG-9PG-6PG
29/03/2023,86367,69313, 57644-99117, 57068-01410-71666-59756-37373-20474, 6395-5291-5632-3556, 2533-5880-4616-8998-7741-1916, 961-316-203, 60-85-39-71, 13PH-3PH-5PH-15PH-6PH-9PH
28/03/2023,66228,20468, 52302-81938, 80052-98632-60778-43904-23666-29291, 9299-7599-3882-4937, 8481-5974-4117-4744-3181-7043, 520-126-567, 30-22-92-01, 6PK-4PK-1PK-13PK-10PK-8PK
27/03/2023,83230,27431, 64284-25717, 00542-39074-03807-48505-81972-52585, 3688-5158-4819-5996, 1953-7838-0600-4430-1433-9408, 989-736-316, 91-85-30-55, 3PL-15PL-9PL-2PL-7PL-11PL
26/03/2023,57765,81664, 81817-24222, 29370-84409-04923-57889-07071-93934, 4102-2973-6263-6666, 8566-3378-2688-1310-3160-6446, 895-560-344, 30-52-63-13, 2PM-7PM-11PM-3PM-4PM-6PM
25/03/2023,32273,26774, 47449-00099, 42018-44879-34758-02573-53468-78759, 1143-4584-9372-9795, 3750-9885-2890-9364-0917-2156, 114-430-214, 74-22-98-97, 11PN-8PN-13PN-15PN-1PN-12PN
24/03/2023,48657,92279, 26169-82385, 98841-13954-79256-94604-99283-70785, 1952-2895-1644-0040, 0056-2149-4349-9152-6702-9706, 946-859-135, 72-04-96-01, 6PQ-14PQ-3PQ-11PQ-15PQ-2PQ
23/03/2023,45483,75836, 51256-95469, 48390-14974-09605-98957-76070-37554, 0178-8464-7318-4497, 4361-8794-1660-2984-2372-1407, 191-984-646, 46-34-28-91, 6PR-9PR-3PR-12PR-15PR-10PR
22/03/2023,8798,75337, 28963-26229, 39544-19950-42567-81097-15774-11622, 1142-2860-5468-4869, 8457-1226-2904-5946-4619-0294, 613-479-357, 16-56-29-44, 6PS-10PS-2PS-9PS-8PS-3PS-11PS-19PS
21/03/2023,81664,40033, 18931-74834, 84351-11200-19833-22886-94162-32936, 2426-4054-2848-1715, 7368-9863-8037-9985-1320-5112, 657-518-832, 61-09-39-59, 5PT-14PT-8PT-2PT-9PT-12PT
20/03/2023,24192,24877, 69360-66583, 07529-77038-85099-32290-94963-23842, 6979-7304-7041-4748, 6909-5405-4710-9722-2752-1632, 617-012-182, 29-54-10-42, 3PU-2PU-1PU-4PU-14PU-8PU
19/03/2023,86903,51904, 86833-22870, 85621-16256-18746-84156-68556-38891, 3826-9033-6756-8348, 9234-5163-4061-7108-1862-5943, 562-892-334, 04-72-23-96, 8PV-6PV-1PV-2PV-15PV-14PV
18/03/2023,57570,25444, 05260-51308, 14099-69326-17323-52596-06495-47274, 1522-2679-3931-2502, 2734-6503-6147-0437-5088-0227, 897-979-581, 44-97-13-93, 14PX-6PX-10PX-3PX-9PX-11PX
17/03/2023,59389,46086, 47967-93279, 62875-61643-80808-17950-83001-55132, 7669-4211-2318-6993, 7346-4111-6778-2763-2406-4847, 006-958-919, 09-05-65-60, 14PY-12PY-9PY-4PY-6PY-10PY
16/03/2023,89581,62172, 16250-32921, 86507-63642-18592-40723-78206-13297, 4218-9856-9922-8734, 4172-2783-9801-0431-9420-0537, 945-195-212, 92-44-89-04, 5PZ-15PZ-10PZ-7PZ-13PZ-14PZ
15/03/2023,67724,9458, 42912-82249, 32675-58785-80854-22192-66944-59826, 3763-1746-8274-9210, 9558-7603-8738-9949-1521-8486, 600-528-250, 35-83-26-41, 9NA-8NA-11NA-14NA-4NA-5NA
14/03/2023,67879,7811, 56885-61063, 64605-02010-94533-29538-20174-81544, 7935-8490-0920-4677, 6660-0349-9239-4622-5526-4141, 561-858-133, 76-78-40-09, 15NB-10NB-2NB-12NB-1NB-3NB
13/03/2023,17375,14288, 47795-89010, 20929-26532-57195-21787-86420-48111, 6956-1055-0805-3323, 1072-2589-1620-1450-8125-7411, 103-269-494, 80-74-83-51, 6NC-1NC-2NC-9NC-8NC-12NC
12/3/2023,56695,14685, 86290-10847, 34708-21368-14720-47299-88746-86664, 7445-4972-3960-2366, 5485-6833-4077-3698-4339-1046, 108-993-097, 03-96-19-08, 6ND-8ND-5ND-1ND-9ND-10ND
11/3/2023,47076,91911, 68062-89887, 97745-08606-90078-48492-59226-23122, 1723-6001-7707-8139, 9794-4226-2120-7005-9711-9405, 880-643-489, 08-68-94-48, 7NE-4NE-10NE-1NE-5NE-11NE
10/3/2023,24420,64647, 92456-73117, 43430-17679-18857-58788-06086-56612, 6449-3646-0895-3184, 9301-4549-8069-7225-3674-8235, 810-645-849, 97-07-58-81, 8NF-13NF-4NF-7NF-2NF-1NF
9/3/2023,68205,60388, 32503-77792, 69127-59764-69821-57609-39073-81374, 5421-3336-3075-0339, 0433-8377-5578-0355-0713-1038, 147-834-427, 51-56-78-37, 4NG-12NG-6NG-9NG-7NG-13NG
8/3/2023,73787,6261, 48267-37696, 25011-20381-31012-72359-95514-05128, 8426-8924-7256-4224, 9581-4713-2690-3000-8935-3073, 905-189-094, 81-62-59-02, 10NH-14NH-12NH-5NH-3NH-15NH
7/3/2023,75877,8692, 87361-31241, 06055-87073-97510-52584-52539-03248, 9565-5285-8430-3314, 4666-6378-7540-2000-6823-1143, 444-841-655, 00-04-38-45, 11NK-6NK-4NK-2NK-12NK-13NK
6/3/2023,39919,34271, 89252-08794, 57917-23934-04144-22358-90155-00374, 7287-6916-3685-6225, 7565-8826-2483-8057-3671-8416, 746-208-679, 47-73-97-23, 14NL-5NL-4NL-15NL-7NL-3NL-9NL-18NL
5/3/2023,58118,72226, 98850-15773, 71749-51632-31209-50187-40158-45441, 5688-2460-5843-0309, 4886-9358-5870-7416-4769-2711, 963-478-989, 55-01-37-62, 5NM-2NM-3NM-1NM-4NM-11NM
4/3/2023,6743,89246, 53202-56726, 17865-78228-68740-25838-07187-80970, 6109-2529-0747-1139, 8653-2345-9186-3799-9284-2745, 717-825-425, 96-47-10-23, 3NP-12NP-9NP-15NP-2NP-5NP
3/3/2023,37856,94473, 55952-43597, 50852-71048-33458-28076-63553-28692, 7866-1039-5557-2822, 9848-2486-5307-9392-0905-1663, 768-839-057, 53-35-77-97, 1NQ-11NQ-5NQ-3NQ-13NQ-2NQ
2/3/2023,47577,75833, 93046-49671, 61491-30540-32869-72026-84983-98857, 5202-9315-8696-9581, 1327-4598-9534-6720-2435-3282, 854-189-175, 09-96-23-53, 9NR-6NR-15NR-5NR-8NR-4NR
1/3/2023,76102,46493, 52752-89477, 83438-34418-05049-52159-74896-83492, 9964-8534-9975-6493, 0642-3097-7803-9391-3691-6359, 750-265-946, 55-92-70-12, 9NS-1NS-2NS-11NS-7NS-3NS
28/02/2023,55827,39977, 20715-42892, 88546-49558-01604-22589-44324-77100, 5489-2390-8889-5750, 3004-7160-0142-9604-4288-9465, 590-700-105, 36-60-58-11, 2NT-7NT-10NT-8NT-14NT-12NT
27/02/2023,93758,96434, 10620-41971, 97839-24382-48220-49467-28419-70861, 7454-7809-8678-2897, 0499-1466-2069-6655-0134-2993, 915-894-598, 24-00-65-16, 9NU-3NU-6NU-11NU-5NU-10NU
26/02/2023,67360,84040, 06293-78613, 24044-91197-69571-29604-00428-26260, 4048-4141-7341-5700, 7841-6441-1365-9604-4719-8308, 797-374-706, 41-71-90-63, 15NV-9NV-6NV-2NV-1NV-14NV
25/02/2023,30415,46223, 32874-26964, 77894-62144-22240-74314-60521-44090, 0570-3424-1563-1970, 3127-3664-5294-2775-0415-2860, 967-705-404, 68-40-91-77, 12NX-7NX-1NX-15NX-4NX-2NX
24/02/2023,16979,9730, 04515-27241, 78758-04867-57566-51462-35054-16394, 7083-8093-5365-1899, 6917-9385-2795-5652-6575-5825, 711-030-488, 85-36-70-51, 9NY-15NY-8NY-1NY-11NY-4NY
23/02/2023,1964,74969, 79479-90535, 34518-53590-67179-35306-03818-38858, 4855-9854-4747-8734, 8282-4549-6537-4132-6678-8510, 438-805-490, 03-93-82-56, 3NZ-1NZ-5NZ-8NZ-11NZ-15NZ
22/02/2023,31357,31928, 42898-40056, 16601-78810-23130-09552-34978-72962, 3230-0744-3062-2117, 7711-5851-9109-5799-4779-0060, 956-699-903, 80-87-44-09, 8MA-11MA-9MA-1MA-12MA-5MA
21/02/2023,90781,175, 20889-90010, 74017-54086-56167-99808-87482-43934, 7062-0786-7592-5032, 6017-3910-1657-0147-3943-0060, 762-116-835, 08-74-82-10, 10MB-2MB-3MB-6MB-11MB-9MB
20/02/2023,32775,1606, 41854-66216, 47885-14847-59176-85638-87409-86316, 2432-6816-7273-9680, 7248-6558-9717-9849-7663-2831, 465-167-833, 96-41-42-68, 1MC-8MC-13MC-11MC-9MC-10MC-2MC-19MC
19/02/2023,37264,91013, 12898-74782, 55545-21772-22607-84687-82142-07279, 0761-3614-1563-8265, 1344-6462-7435-1453-9110-8165, 070-804-075, 54-04-48-50, 6MD-10MD-2MD-3MD-13MD-14MD
18/02/2023,44971,76196, 80204-83379, 30910-56929-01406-78478-45245-15333, 8607-9371-4039-2793, 9602-4194-2098-5358-0609-0472, 235-816-121, 16-78-46-36, 2ME-14ME-5ME-13ME-8ME-7ME
17/02/2023,18435,11438, 32855-13679, 33342-76501-51568-92950-08510-60849, 6599-0115-7637-7339, 2498-6010-1656-5415-9788-4332, 870-135-891, 56-02-40-94, 10MF-5MF-15MF-12MF-1MF-6MF
16/02/2023,65243,2602, 54187-54495, 32956-53662-44891-90653-50511-74438, 4653-4708-1539-8014, 1805-6536-6568-2574-6732-4978, 412-364-314, 89-40-34-86, 5MG-11MG-15MG-6MG-13MG-9MG
15/02/2023,18158,68823, 10621-87113, 17280-05916-19414-79186-37611-59188, 2841-8684-8318-5422, 5366-0272-6247-2854-1045-5904, 602-224-508, 54-75-72-82, 9MH-8MH-10MH-2MH-12MH-14MH
14/02/2023,56141,73625, 25591-26545, 43417-13466-52501-00282-67148-52621, 1613-9227-6862-9953, 1582-1540-1568-5044-1304-2096, 393-022-137, 20-77-38-84, 6MK-1MK-14MK-4MK-9MK-11MK
13/02/2023,41916,8972, 85731-59090, 50333-10120-60151-67796-77837-14004, 5708-6514-3119-3663, 8008-1585-9460-8815-2619-0262, 399-117-238, 68-35-88-42, 9ML-11ML-14ML-3ML-1ML-2ML
12/2/2023,9841,45011, 90809-72174, 65283-75479-49179-37768-19980-20304, 4317-8272-6686-8254, 6216-2610-5272-7590-2067-7968, 343-444-603, 63-42-35-13, 5MN-12MN-8MN-15MN-13MN-7MN
11/2/2023,98713,18834, 17460-78706, 74043-63680-00185-61529-94039-45565, 5543-1288-4007-4955, 4040-0319-4862-5733-5162-8364, 413-063-891, 23-31-13-97, 7MP-5MP-6MP-13MP-10MP-9MP
10/2/2023,85120,58592, 53011-52879, 59444-00995-02540-80461-30788-27247, 5157-8803-9017-4982, 9964-4270-1599-4834-2452-3287, 949-516-442, 27-17-90-53, 15MQ-9MQ-1MQ-5MQ-4MQ-12MQ
9/2/2023,29337,79795, 56690-48887, 92901-77395-87205-44553-84555-79916, 8589-6897-1079-1983, 1236-9243-7934-4534-9730-5156, 768-840-640, 70-52-79-13, 4MR-6MR-14MR-13MR-11MR-2MR
8/2/2023,88864,58679, 99604-51365, 11054-21296-73693-94535-33878-20697, 9292-0342-0933-1244, 9592-5309-4376-1230-3835-6215, 855-584-139, 30-21-29-83, 2MS-3MS-4MS-1MS-9MS-8MS
7/2/2023,18198,71786, 90306-05645, 57283-23864-72211-62199-57365-40880, 4417-4196-3901-5992, 4003-5186-5049-2861-1761-7271, 484-465-916, 44-04-62-23, 7MT-8MT-10MT-14MT-5MT-4MT
6/2/2023,35492,27386, 77331-13534, 61892-81361-57325-19943-52187-55210, 2014-6409-3258-8688, 9374-4850-8320-7814-8710-0717, 794-635-599, 95-56-66-19, 10MU-11MU-1MU-9MU-13MU-6MU
5/2/2023,6194,41299, 35133-39473, 40420-29343-31064-66278-59129-16617, 7037-9260-2809-5294, 7690-7727-6959-0095-1920-7180, 078-772-457, 85-74-31-79, 12MV-20MV-15MV-3MV-16MV-9MV-13MV-8MV
4/2/2023,64948,4674, 16883-77334, 12795-68347-65312-09038-86560-22314, 2746-8474-2057-3300, 5264-2363-1877-0033-2488-9198, 104-622-010, 77-06-18-96, 2MX-1MX-12MX-8MX-6MX-3MX
3/2/2023,52766,79512, 12874-00591, 19739-53846-86931-48174-75976-36988, 9591-7194-9590-7739, 9894-3969-3811-5153-3349-3722, 561-446-237, 29-67-28-25, 5MY-7MY-8MY-4MY-2MY-6MY
2/2/2023,60755,35682, 29934-63527, 36869-93254-18961-79187-66574-51138, 9942-3708-0879-3794, 1300-9770-4034-6902-1730-9819, 104-606-619, 51-19-90-89, 11MZ-8MZ-5MZ-4MZ-6MZ-9MZ
1/2/2023,34838,29989, 64285-65938, 54835-94648-82384-40292-70918-01062, 8441-1468-0916-5129, 6463-5037-7184-2312-3165-6247, 042-076-709, 74-54-61-06, 4LA-6LA-12LA-10LA-1LA-15LA
31/01/2023,30061,21284, 95201-18959, 39371-85823-24941-22036-22477-18709, 1081-8622-3216-0868, 8908-5675-3757-0290-6421-3461, 940-315-055, 07-15-20-49, 11LB-13LB-2LB-19LB-15LB-5LB-1LB-9LB
30/01/2023,16179,12198, 66824-97525, 76829-01458-00678-04710-93846-11457, 3440-5637-9612-9495, 2099-6964-0572-7189-8620-3391, 901-919-624, 96-65-03-70, 12LC-14LC-8LC-13LC-11LC-9LC
29/01/2023,76479,25766, 72194-11034, 40098-29006-40715-61584-39911-24856, 3454-3693-5723-7638, 5842-0789-9534-0388-1327-2320, 134-548-571, 35-26-48-03, 3LD-17LD-8LD-4LD-20LD-9LD-13LD-12LD
28/01/2023,87219,88795, 61887-71870, 36399-99176-44895-48144-89665-83781, 1226-3681-3051-3591, 1368-8512-0613-9140-8974-7483, 313-104-436, 30-87-80-75, 10LE-9LE-8LE-11LE-12LE-15LE
27/01/2023,72859,84970, 22948-27905, 68839-72151-45870-16675-45622-30683, 5687-8094-1582-5288, 9289-6626-4652-3120-7508-5479, 166-101-463, 93-42-35-69, 1LF-7LF-11LF-15LF-6LF-3LF
26/01/2023,34164,21642, 85331-53702, 36678-49662-96488-70757-21183-72285, 2204-4344-9025-9940, 3753-4608-9088-7731-5934-6916, 100-874-364, 32-60-46-20, 11LG-5LG-4LG-12LG-8LG-1LG
25/01/2023,52371,45082, 87473-55003, 44656-18647-37207-71263-51955-58209, 7943-2928-1910-4411, 4148-0340-5084-5712-7654-1849, 083-687-637, 07-18-29-55, 22LH-25LH-1LH-7LH-10LH-13LH-18LH-19LH-2LH-23LH
20/01/2023,91869,62613, 89561-17438, 79710-68693-48902-08300-92038-67549, 2455-1085-3800-5406, 1138-8058-3367-2046-1602-0067, 216-832-186, 18-36-82-59, 16LK-9LK-6LK-17LK-2LK-19LK-3LK-14LK
19/01/2023,62857,24246, 65122-22745, 90440-33540-05110-78018-71497-53655, 1463-1863-4482-5932, 2342-9101-9125-9116-9435-9550, 915-320-074, 26-23-57-96, 10LP-3LP-13LP-1LP-12LP-15LP
18/01/2023,45282,76552, 51893-50516, 92764-68866-66740-51752-37335-04030, 3342-4405-7005-3904, 3556-7580-0501-2381-4260-3127, 926-295-635, 69-04-35-86, 4LQ-11LQ-1LQ-12LQ-6LQ-14LQ
17/01/2023,53363,1443, 02569-17053, 87586-46192-21006-19548-86539-33921, 7295-3401-0582-6328, 4443-2517-8199-7522-7936-3211, 197-642-529, 35-29-04-55, 10LR-11LR-15LR-5LR-2LR-8LR
16/01/2023,48260,83587, 79324-24955, 97698-03474-79118-27721-67766-60068, 9999-2793-8423-8738, 6232-7156-7587-1067-6779-6885, 456-695-805, 53-07-71-23, 12LS-4LS-14LS-13LS-15LS-8LS
15/01/2023,44221,25945, 14590-57392, 84792-14379-92716-86841-87280-96564, 7401-4194-1991-5569, 9333-9812-3708-3904-1078-2104, 938-566-749, 45-57-00-28, 1LT-15LT-14LT-2LT-9LT-11LT
14/01/2023,62940,27086, 84830-42992, 26177-28240-86842-54934-53016-11166, 1213-7375-8375-1727, 0737-3018-1279-2435-5696-5434, 949-318-656, 02-34-82-81, 16LU-3LU-6LU-15LU-11LU-19LU-4LU-17LU
13/01/2023,60762,70413, 94856-73874, 38562-54962-09294-88168-03998-21450, 8234-7644-3492-0818, 1114-2556-1891-8732-9010-4068, 962-160-238, 70-73-54-66, 11LV-2LV-10LV-5LV-1LV-13LV
12/1/2023,18452,99849, 27621-91955, 09319-34625-29740-28430-97779-44856, 2502-3884-3118-5818, 5434-7882-4474-0383-7694-3970, 122-547-305, 47-29-85-00, 11LX-8LX-15LX-12LX-4LX-10LX
11/1/2023,4942,31511, 96915-35210, 18352-34017-18642-36531-84392-83681, 3310-7880-2041-5685, 8549-1897-3789-6576-0560-7094, 001-655-214, 97-79-12-74, 5LY-8LY-15LY-11LY-6LY-10LY
10/1/2023,81191,88140, 67096-63288, 95651-44209-16651-57329-83066-30657, 6386-5753-7345-3988, 8146-2499-8664-9180-2900-7842, 061-913-843, 44-46-75-18, 9LZ-11LZ-6LZ-3LZ-8LZ-12LZ
9/1/2023,78014,16270, 24159-26757, 49767-38438-02952-13127-61711-61184, 9459-2157-2326-3734, 4225-7765-2017-6211-9689-0717, 747-254-703, 91-86-30-15, 3KA-6KA-14KA-11KA-1KA-8KA
8/1/2023,20040,76965, 00725-96045, 24055-40269-79722-76857-77039-09960, 0127-1158-7977-9924, 8164-3677-6511-3395-2012-1538, 389-582-191, 84-73-61-44, 2KB-3KB-11KB-5KB-4KB-8KB
7/1/2023,39597,20448, 98375-45648, 55850-97079-25197-01795-69588-07835, 1913-8015-5241-3912, 7722-5706-0051-1050-3377-4923, 710-696-135, 95-12-05-93, 4KC-2KC-6KC-9KC-14KC-10KC
6/1/2023,45370,5808, 84879-98182, 24293-04306-89635-00442-69931-82844, 0554-4775-4677-9083, 9984-2064-0832-5681-4616-1573, 187-486-857, 75-66-10-21, 4KD-6KD-14KD-5KD-10KD-1KD-3KD-20KD
5/1/2023,76191,12810, 11458-74967, 71235-86498-02353-79691-79635-03257, 6925-4512-5726-7634, 3778-8441-9916-1111-9597-6530, 165-396-516, 65-61-91-27, 14KE-8KE-13KE-15KE-1KE-9KE
4/1/2023,75757,40631, 56326-49667, 35179-50105-27248-59107-60082-12549, 5039-3831-4690-7943, 7094-3207-6892-7757-1132-8909, 970-784-420, 14-83-79-25, 6KF-10KF-5KF-13KF-14KF-2KF
3/1/2023,25649,31843, 63776-30341, 77026-52031-69174-10420-85248-47765, 7724-9250-4978-1010, 4455-2008-0620-7885-5565-4045, 554-144-596, 42-51-81-72, 14KG-8KG-15KG-5KG-1KG-3KG
2/1/2023,49265,43459, 12407-10068, 35934-71383-25973-92732-33938-09386, 2697-9832-8291-0173, 8813-7077-3452-5042-1616-8189, 194-469-503, 82-16-80-45, 4KH-2KH-6KH-8KH-3KH-5KH
1/1/2023,16705,76828, 65067-99229, 37479-43231-85530-21742-26053-25473, 4250-7737-3949-9814, 2879-2534-0977-9752-0363-5688, 864-443-591, 59-47-96-67, 13KL-1KL-15KL-9KL-8KL-2KL
31/12/2022,55291,42135, 01560-07447, 87947-62209-40405-52973-41073-79983, 1635-5989-0320-2473, 7589-5429-2475-9260-6227-8372, 285-185-279, 62-85-91-30, 1KM-13KM-2KM-8KM-3KM-6KM
30/12/2022,54112,93201, 63854-90768, 63190-82263-11092-62795-14065-54572, 6041-5896-2136-7292, 8660-5968-6810-8331-1726-8758, 827-555-563, 94-82-55-51, 19KN-16KN-20KN-18KN-12KN-1KN-3KN-2KN
29/12/2022,51849,67722, 81733-23595, 91535-09036-15908-46730-86533-86465, 5376-3682-4117-0887, 5554-7106-3447-7066-3961-9041, 675-502-883, 08-31-38-09, 4KP-15KP-5KP-11KP-1KP-6KP
28/12/2022,55145,18766, 30529-57234, 53627-57194-77416-74079-18677-97813, 3192-5315-2058-1403, 3873-0030-1317-1550-2575-3167, 167-160-431, 67-68-96-51, 3KQ-1KQ-15KQ-11KQ-8KQ-12KQ
27/12/2022,97797,97019, 43753-26438, 64682-00587-54529-59186-92346-18732, 1044-5088-6902-1744, 7189-2337-6880-6802-9544-8850, 315-541-564, 30-68-74-60, 2KR-3KR-12KR-1KR-15KR-6KR
26/12/2022,3400,85616, 54319-69470, 94472-23306-67943-97010-90629-53791, 1662-2354-1631-0863, 3393-5667-3553-2023-4912-2568, 626-282-636, 79-36-48-34, 9KS-8KS-7KS-13KS-6KS-5KS
25/12/2022,95636,89842, 35227-93162, 23542-10870-62151-15812-08979-22616, 2113-0846-7111-8523, 7438-7181-2406-9790-6235-1703, 396-458-974, 63-55-93-48, 5KT-2KT-12KT-11KT-6KT-15KT
24/12/2022,9534,70353, 96188-74525, 55133-75105-20012-64488-83117-31939, 1938-1046-3564-9939, 0711-2517-5640-5625-8489-1885, 135-596-390, 82-27-98-93, 12KU-13KU-3KU-7KU-6KU-4KU
23/12/2022,33027,1034, 39440-31211, 01389-13823-24827-51841-10995-09281, 0511-8646-7365-5683, 0906-4002-1629-6322-2180-1096, 776-073-760, 97-75-05-17, 5KV-3KV-9KV-19KV-20KV-17KV-7KV-2KV
22/12/2022,65438,42121, 87418-15982, 44814-18615-19793-53954-63062-30946, 5054-7868-0339-7982, 2297-0115-1781-7410-0374-6716, 328-209-099, 25-12-41-54, 4KX-14KX-10KX-5KX-6KX-12KX
21/12/2022,74562,56264, 52037-84608, 89017-79669-76401-40118-02260-81087, 2437-8919-6234-5445, 4271-1914-3464-2455-0338-1582, 826-312-538, 28-82-39-64, 1KY-2KY-3KY-11KY-13KY-4KY
20/12/2022,40448,23038, 99191-45105, 85345-38356-73752-98329-05815-10799, 0673-8112-2660-1800, 5560-4321-2607-5774-1386-5036, 313-373-203, 34-83-78-28, 15KZ-5KZ-14KZ-8KZ-11KZ-13KZ
19/12/2022,90230,75249, 09098-85227, 24762-98352-73995-42098-25135-80121, 6445-5373-4159-6724, 8220-3618-6696-1199-5309-6770, 767-420-872, 57-28-92-03, 8HA-15HA-9HA-3HA-10HA-2HA
18/12/2022,32505,41658, 88892-35125, 57424-87950-78338-29120-52361-52559, 4080-1548-3942-0562, 7432-0250-2085-3450-8964-5224, 004-259-056, 98-79-69-29, 3HB-9HB-14HB-15HB-12HB-13HB
17/12/2022,71424,66934, 50533-74665, 39908-00797-93691-18733-47971-26018, 1541-0875-2557-1632, 0820-3760-8781-2239-1046-0825, 849-255-247, 29-56-88-14, 6HC-5HC-9HC-8HC-12HC-15HC
16/12/2022,13086,69861, 60578-56199, 41818-40709-24243-78501-37344-06196, 1624-7688-0343-8140, 1534-5765-1319-1639-4683-9921, 522-244-782, 42-95-26-15, 4HD-2HD-12HD-5HD-3HD-1HD
15/12/2022,92059,59893, 20295-16140, 04562-52826-56419-62210-00189-50910, 3126-5032-6404-0459, 8515-3047-7522-5314-7391-4871, 033-016-414, 76-42-71-27, 3HE-5HE-10HE-8HE-11HE-14HE
14/12/2022,48507,74741, 08046-53319, 70544-79425-51418-22887-36137-00075, 5011-5779-9707-0072, 4622-1013-7908-8828-5351-1095, 658-768-364, 24-96-44-56, 11HF-12HF-3HF-8HF-9HF-4HF
13/12/2022,96688,37484, 34089-96210, 45035-53209-70402-84359-40588-25171, 0171-2408-2589-3855, 7051-1307-0660-4270-2761-0998, 856-421-917, 41-91-15-64, 15HG-13HG-3HG-5HG-14HG-11HG
12/12/2022,65180,55187, 82120-04658, 30931-41688-56621-90857-97990-38286, 8623-4328-4588-6036, 8067-4577-8773-1231-6788-0648, 148-600-540, 42-21-58-95, 8HK-7HK-1HK-12HK-11HK-5HK
11/12/2022,20815,72778, 79220-91810, 55493-80570-20785-24213-42782-51900, 0785-8230-4726-7524, 4913-5934-3266-3294-4784-7261, 106-592-572, 54-80-25-36, 2HL-6HL-8HL-13HL-3HL-9HL
10/12/2022,82978,37815, 63592-26828, 20959-96330-26340-27799-16245-92123, 6947-1997-8780-3491, 9146-4478-2860-8792-5199-7256, 672-628-145, 68-74-95-38, 13HM-7HM-5HM-14HM-1HM-2HM
9/12/2022,93971,4009, 43968-95856, 62152-21508-39207-15332-64225-01051, 0643-8137-8453-6224, 4432-5499-8338-5697-8679-7236, 718-097-779, 34-85-82-33, 5HN-2HN-8HN-14HN-12HN-4HN
8/12/2022,38522,78852, 24895-21880, 39485-23576-84647-62012-82227-09364, 1292-5744-5801-5195, 4902-2783-5067-3912-3989-6361, 165-953-792, 89-54-30-94, 17HP-12HP-3HP-13HP-1HP-18HP-15HP-8HP
7/12/2022,85979,67578, 85693-37767, 89918-12526-46158-15673-55054-04465, 4373-1431-3191-0987, 0625-0865-0896-2031-7384-4830, 056-906-867, 17-04-81-79, 4HQ-6HQ-8HQ-12HQ-11HQ-9HQ
6/12/2022,84807,10590, 38307-69793, 36043-76178-78033-76510-11583-97318, 4473-7652-2207-6470, 4564-5870-5993-4683-1527-1686, 447-068-934, 56-01-58-94, 11HR-4HR-12HR-13HR-10HR-15HR
5/12/2022,13454,99442, 86182-23838, 83464-48820-30683-55403-87940-69185, 9528-9318-0371-6934, 9092-0654-5542-1536-7600-1112, 360-056-159, 41-70-91-63, 8HS-14HS-13HS-3HS-15HS-1HS
4/12/2022,5028,94007, 18783-39801, 50296-49926-94188-85957-88720-36286, 7781-9228-6483-6636, 5841-9320-2564-5651-9661-6285, 517-782-277, 21-10-67-39, 11HT-8HT-2HT-12HT-4HT-9HT
3/12/2022,10576,48972, 03009-83557, 87053-92528-52854-59290-49855-59580, 4445-4301-8703-0762, 2533-2480-0463-3518-3588-8849, 394-837-144, 61-55-93-46, 14HU-13HU-8HU-15HU-4HU-7HU
2/12/2022,24523,3015, 99501-75640, 90238-78005-60888-31380-35565-56202, 1177-7621-7733-4261, 2378-8893-3460-6591-5205-9778, 906-371-102, 61-22-44-16, 15HV-12HV-6HV-10HV-1HV-5HV
1/12/2022,52770,72632, 94230-01290, 00944-60752-38682-13546-09037-56528, 7236-6255-7117-5805, 6024-4076-7706-6242-5151-5198, 515-311-771, 40-65-69-32, 3HX-12HX-7HX-11HX-14HX-5HX
30/11/2022,98112,9152, 01989-05593, 25161-95366-48674-94494-04644-96641, 7013-7672-5579-4369, 8490-1279-3981-7199-9982-5959, 036-860-858, 51-35-67-57, 11HY-12HY-2HY-13HY-4HY-9HY
29/11/2022,25380,28733, 75482-90338, 40071-62719-03871-39155-49381-54569, 5221-4873-4295-6204, 3664-7733-5955-6664-8443-9055, 167-970-412, 03-69-77-61, 12HZ-6HZ-14HZ-15HZ-10HZ-7HZ
28/11/2022,65507,90987, 23237-17499, 96896-65083-98122-79833-61991-81641, 3317-8046-3130-6290, 8207-5400-1972-6506-6648-3190, 237-566-975, 00-38-53-46, 11GA-14GA-2GA-5GA-13GA-1GA
27/11/2022,67857,24762, 15441-04864, 08271-66428-62919-75365-85787-21002, 0896-5072-9185-7394, 3832-8408-2046-5486-7182-2401, 695-320-642, 42-55-21-80, 10GB-3GB-6GB-11GB-12GB-15GB
26/11/2022,67896,70731, 69176-18124, 27982-04161-91683-18192-79476-78208, 5183-4837-8723-9821, 9572-8397-0675-4046-1647-9982, 454-824-291, 83-44-66-03, 6GC-11GC-15GC-10GC-3GC-4GC
25/11/2022,36819,77300, 94639-60023, 65992-78939-86794-32055-87711-60182, 2846-6365-7000-8638, 5530-0550-4271-9426-9812-8324, 268-190-185, 96-56-66-83, 2GD-12GD-5GD-6GD-15GD-11GD
24/11/2022,75996,4902, 25318-92214, 52253-61070-38643-84891-18913-13077, 6533-5487-5262-6897, 0336-4573-1078-5865-1877-6361, 858-380-829, 07-87-48-81, 3GE-1GE-11GE-2GE-8GE-18GE-7GE-17GE
23/11/2022,47779,9473, 42006-45431, 31134-17715-99814-97168-20064-33491, 2355-6851-3041-5929, 1848-3824-2063-8535-2813-2684, 378-794-832, 75-68-73-03, 4GF-6GF-14GF-7GF-11GF-8GF
22/11/2022,30529,774, 71339-87590, 94856-44576-54746-62290-56551-40367, 5453-6915-0626-5872, 0190-8930-5221-2743-9398-0212, 212-976-516, 50-13-41-49, 4GH-13GH-5GH-8GH-14GH-10GH
21/11/2022,52091,32734, 23946-43525, 86711-73926-59382-58525-08199-09891, 7508-4247-6600-5785, 7051-9777-2130-6304-7143-3659, 753-767-938, 96-25-69-47, 5GK-11GK-14GK-6GK-12GK-7GK
20/11/2022,80770,74803, 88570-42720, 53876-08026-67336-03704-43408-16903, 2018-8532-3564-2072, 8409-7739-0074-9074-0573-6822, 820-944-037, 52-33-61-24, 3GL-13GL-1GL-12GL-4GL-6GL
19/11/2022,66534,56931, 14753-52934, 50362-71673-07004-46603-14867-67353, 2669-3510-5939-0452, 7103-3066-7100-3883-3329-8520, 876-769-784, 04-50-54-98, 11GM-3GM-13GM-9GM-12GM-6GM
18/11/2022,32592,64258, 75381-94816, 00970-60920-56970-50040-80887-68639, 3223-8450-4979-5322, 9176-3207-7231-1657-8080-5058, 353-184-451, 43-12-84-07, 13GN-6GN-4GN-11GN-14GN-2GN
17/11/2022,5776,49100, 70349-63260, 03748-53195-55751-50581-47510-45326, 7831-5315-1200-5855, 6879-2316-2395-2324-0407-8819, 108-898-166, 97-50-75-99, 9GP-1GP-4GP-2GP-10GP-8GP
16/11/2022,50578,44533, 51589-19352, 36731-00455-82986-67951-88182-08371, 7155-6673-4983-4003, 1039-7182-0280-4445-6725-1225, 031-657-500, 94-53-70-58, 1GQ-6GQ-14GQ-11GQ-10GQ-3GQ
15/11/2022,91006,22362, 00497-25741, 83780-71776-83219-79310-25559-28409, 6094-4114-4358-4970, 2704-2016-1614-0178-3411-3799, 574-202-404, 02-57-50-82, 6GS-5GS-9GS-13GS-3GS-1GS
14/11/2022,12834,95078, 64989-79753, 09206-10621-79349-82053-44176-51792, 6421-8306-4577-6605, 4788-8183-3490-4452-9313-4353, 814-440-471, 56-67-31-42, 2GT-12GT-14GT-7GT-15GT-6GT
13/11/2022,96305,67959, 20646-33331, 93051-86138-60171-34010-77612-40721, 7922-7402-4996-9753, 9028-0798-6142-5181-3005-0430, 913-266-605, 20-21-36-01, 10GU-13GU-1GU-8GU-4GU-5GU
12/11/2022,78611,11566, 68739-54972, 63820-44793-97595-72343-76328-33810, 1422-0776-2262-7727, 1365-6036-4279-6699-2617-9526, 807-235-100, 61-73-32-91, 11GX-7GX-4GX-10GX-5GX-13GX
11/11/2022,81736,23276, 53754-98359, 17284-59613-66887-69623-90479-15921, 1913-9442-8514-1457, 3561-5865-5275-6154-6603-9713, 570-440-936, 08-89-92-12, 15GY-9GY-8GY-10GY-2GY-11GY
10/11/2022,71610,89551, 25825-57592, 04061-27766-63457-55406-80996-71332, 4220-8664-4267-0323, 1489-4707-5990-1175-9767-6607, 536-385-828, 32-64-98-25, 4GZ-1GZ-3GZ-8GZ-2GZ-11GZ
9/11/2022,57765,69270, 33523-02685, 84523-77290-28378-00860-06188-76005, 0445-9065-6142-8859, 8856-4721-1409-3307-7321-9251, 866-778-530, 17-42-90-34, 9FA-13FA-3FA-2FA-11FA-12FA
8/11/2022,66130,31344, 60841-75083, 20089-91989-55661-28892-04894-38296, 9750-1119-3274-6424, 3786-0911-9541-3781-9279-2086, 021-974-097, 41-97-10-96, 18FB-13FB-11FB-4FB-6FB-9FB-20FB-12FB
7/11/2022,4067,62344, 20660-34924, 29262-94654-83140-81635-61321-07328, 5040-9608-2848-8618, 6534-5000-0270-1134-8572-5462, 105-829-074, 41-25-57-17, 3FC-8FC-7FC-4FC-5FC-6FC
6/11/2022,77471,19152, 97536-23750, 96328-05336-86498-22305-92542-92511, 1202-4265-3726-6791, 9261-8406-8891-8795-0587-6651, 733-915-460, 50-36-64-96, 9FD-10FD-11FD-1FD-2FD-12FD
5/11/2022,33487,75857, 17413-62882, 60654-00964-04680-40383-52970-40634, 1478-3136-3882-8583, 0121-9159-0427-7098-1576-4487, 504-833-059, 22-96-21-03, 9FE-7FE-13FE-6FE-14FE-1FE
4/11/2022,75371,81207, 15350-73690, 95923-60377-00576-91314-57428-49409, 4804-6242-8365-5083, 5330-3111-6641-5696-3592-5572, 743-046-548, 48-02-05-42, 2FG-1FG-10FG-12FG-6FG-13FG
3/11/2022,66819,58970, 81233-87337, 67364-85138-96320-49873-10652-89668, 8394-8830-8457-0320, 3125-3132-4645-4147-8339-8043, 111-430-454, 22-57-54-16, 6FH-9FH-2FH-10FH-5FH-4FH
2/11/2022,67246,84000, 91602-49667, 26643-51547-99669-56114-58512-86392, 4034-7999-8026-7738, 8540-0020-8411-9998-1978-2542, 414-858-490, 08-33-36-78, 14FK-6FK-8FK-7FK-12FK-15FK
1/11/2022,99876,35394, 83301-41034, 78478-01506-61824-21864-19460-97709, 2523-8243-8504-6873, 6666-0003-6305-9126-5239-8233, 399-774-666, 79-76-46-50, 4FL-7FL-6FL-14FL-11FL-10FL
31/10/2022,93343,96968, 63142-87662, 64620-94933-91543-43079-18487-83883, 8316-6968-2547-3315, 3809-4301-2221-5368-4658-2400, 204-340-509, 02-31-59-16, 13FM-9FM-6FM-7FM-4FM-10FM
30/10/2022,5085,52112, 34968-38884, 53704-12738-54587-09805-82578-04521, 4991-0172-0087-1576, 2444-2208-4446-9082-9943-0001, 786-779-247, 47-84-18-95, 3FN-2FN-8FN-12FN-15FN-1FN
29/10/2022,73887,76973, 36640-82978, 28521-08794-26945-35334-63608-43213, 3591-9088-7466-0235, 4544-4577-0501-9448-2360-9207, 629-228-382, 52-99-02-47, 7FP-4FP-14FP-5FP-6FP-11FP
28/10/2022,32041,41193, 72370-38138, 42725-18203-90049-56996-58750-01486, 7646-1883-4831-0453, 1211-2649-0096-9803-7958-5730, 766-222-545, 62-12-05-49, 6FQ-13FQ-15FQ-10FQ-5FQ-3FQ
27/10/2022,89604,91323, 51578-25475, 42317-79129-02129-03015-38854-64855, 0405-1015-0053-2692, 7045-0058-5559-3807-9109-1859, 276-593-588, 21-70-40-99, 7FR-1FR-10FR-2FR-4FR-13FR
26/10/2022,19739,15022, 43172-45148, 07740-49662-70500-03869-52571-78536, 8677-3363-6150-4291, 5000-5455-1295-4611-9213-8568, 211-109-329, 98-01-69-70, 12FS-11FS-4FS-10FS-5FS-13FS
25/10/2022,50604,2803, 82308-14716, 18849-52967-20498-02113-21235-00297, 3440-7251-6372-5944, 4127-9161-5584-1258-1074-5102, 054-810-879, 81-78-36-65, 1FT-13FT-17FT-15FT-4FT-11FT-5FT-16FT
24/10/2022,5499,10376, 24301-13680, 38695-41130-50727-16362-08149-79482, 8855-9322-2164-0561, 8869-8529-0030-2126-4951-8249, 161-852-598, 99-51-40-76, 8FU-10FU-11FU-4FU-9FU-1FU
23/10/2022,12843,17105, 39019-07823, 84315-68555-25647-16084-08591-54488, 6546-9861-9809-6677, 5359-4191-5365-8620-2515-4762, 860-513-793, 11-31-91-02, 14FV-7FV-6FV-5FV-9FV-12FV
22/10/2022,31698,10399, 51180-27619, 96231-22899-54741-08898-00597-66057, 0841-6547-3780-4848, 0188-2975-3529-7492-4196-8276, 354-616-141, 44-10-28-67, 13FX-12FX-10FX-1FX-11FX-15FX
21/10/2022,50000,77386, 96071-94717, 33512-47054-17057-15910-69114-85358, 4981-5705-4473-2457, 7949-4076-4318-6437-1640-7878, 709-836-117, 29-30-68-73, 9FY-7FY-14FY-15FY-2FY-4FY
20/10/2022,27465,33685, 53025-07718, 77719-50004-40691-31858-54368-81032, 8755-4276-8212-5294, 3670-4516-1189-0214-4497-1524, 577-678-548, 09-16-75-67, 2FZ-13FZ-3FZ-14FZ-8FZ-6FZ
19/10/2022,68879,46059, 26549-42155, 33720-39460-18432-13620-28920-93358, 8789-3529-4582-6318, 8656-4294-0913-2614-3128-8153, 790-058-472, 80-25-18-98, 13EA-7EA-6EA-12EA-2EA-11EA
18/10/2022,7253,99692, 72624-20724, 50452-80059-29786-83786-32047-53896, 5791-6996-2984-7726, 0054-1956-0329-4338-7272-9689, 859-274-234, 58-92-72-76, 5EB-9EB-15EB-14EB-8EB-4EB
17/10/2022,15677,13447, 41401-55659, 09614-70832-48851-08349-92890-45052, 9807-5291-5713-4749, 3465-7671-0654-6944-4800-3828, 274-626-012, 84-12-41-70, 10EC-8EC-13EC-12EC-7EC-14EC
16/10/2022,35546,43491, 46880-08079, 95676-16955-95218-07214-56949-85631, 8429-8077-0919-9292, 4746-6456-4093-3972-9340-5011, 569-008-014, 99-93-57-98, 7ED-4ED-14ED-9ED-10ED-11ED
15/10/2022,79638,62960, 56791-78023, 41367-91030-88995-83073-74966-09400, 3001-0497-3257-6858, 6376-1915-7724-5888-9196-1252, 714-312-184, 84-20-65-31, 13EF-4EF-3EF-8EF-14EF-5EF
14/10/2022,57974,15324, 29062-35164, 54267-19205-53894-86391-87598-37568, 8724-2642-2107-7220, 7356-1703-9977-2587-4248-0538, 770-996-138, 68-17-39-74, 9EG-2EG-12EG-11EG-6EG-8EG
13/10/2022,65353,92369, 24020-84825, 50821-32359-74870-12430-78783-40433, 1468-2242-7310-2723, 5142-2564-9296-2065-6641-7512, 873-047-216, 96-07-60-69, 8EH-13EH-2EH-9EH-7EH-15EH
12/10/2022,67145,28295, 82580-33620, 73040-79146-86668-63657-04732-22245, 2449-8653-9499-0010, 0031-1635-8745-0326-2604-0686, 971-858-036, 22-81-01-66, 4EK-6EK-8EK-5EK-9EK-15EK
11/10/2022,92034,5536, 18653-32471, 32150-21246-33161-72244-89650-11416, 5592-7323-1688-6043, 9585-5644-4377-4978-8404-9769, 851-567-112, 90-65-31-02, 11EL-2EL-10EL-1EL-9EL-8EL
10/10/2022,71218,70576, 61119-21941, 78697-14684-18932-79736-28498-50030, 8737-5641-6411-2263, 6456-6564-4412-3221-9154-8654, 043-831-025, 17-50-26-75, 17EM-8EM-9EM-20EM-18EM-13EM-5EM-11EM
9/10/2022,96669,56310, 58287-20321, 86171-44020-38870-68078-28970-96499, 0217-7342-3367-2613, 6187-9081-2928-1916-6109-1605, 191-797-551, 35-94-84-96, 1EN-8EN-3EN-6EN-10EN-12EN
8/10/2022,94309,45465, 82813-94520, 95939-36043-04874-02787-78555-90593, 1804-6793-2893-8197, 2179-9142-5758-7134-2092-2071, 965-316-142, 24-33-55-14, 9EP-15EP-6EP-1EP-2EP-5EP
7/10/2022,13037,25059, 77426-43042, 30301-11715-75441-91042-10694-00556, 2600-9426-3762-4148, 8352-4926-0137-7010-1972-0691, 470-428-686, 40-59-18-55, 8EQ-6EQ-10EQ-11EQ-12EQ-4EQ
6/10/2022,26450,99472, 09283-07481, 63796-53170-80934-22592-80331-56633, 8859-0728-2446-9170, 6729-9347-5965-8975-1178-5625, 026-289-267, 80-66-17-78, 7ER-1ER-6ER-2ER-11ER-14ER
5/10/2022,80983,9046, 29399-08507, 72726-62831-85711-88004-51568-54046, 3784-1825-7897-5657, 0729-8051-5357-9572-5889-8522, 953-112-874, 37-64-78-79, 1ES-9ES-14ES-8ES-4ES-2ES
4/10/2022,51859,22919, 35872-32518, 46888-13051-20406-85739-07528-63266, 8526-6947-1634-6044, 1174-6209-5150-8436-2640-6544, 609-398-915, 38-37-77-39, 14ET-7ET-4ET-8ET-9ET-11ET
3/10/2022,65169,74026, 63525-28014, 47655-30419-12277-98801-28492-67966, 7946-0562-8432-6252, 4135-4435-8511-6451-6270-0406, 430-459-116, 70-41-84-77, 1EU-6EU-12EU-15EU-8EU-13EU
2/10/2022,64668,12669, 30412-40677, 43964-77103-31566-95498-58551-53578, 3780-9427-9341-1822, 8682-2452-1507-1839-2299-0283, 634-766-963, 19-51-91-62, 15EV-6EV-10EV-3EV-11EV-7EV
1/10/2022,35019,13904, 96463-34496, 63867-87793-10430-09002-77030-79134, 0901-2079-7938-4045, 6197-4436-6869-5712-5950-6313, 822-592-330, 67-18-66-01, 2EX-11EX-14EX-7EX-12EX-15EX
30/09/2022,89651,76636, 22292-54784, 40592-50165-34688-85182-55312-77191, 5102-9000-1506-9324, 0882-3728-9426-5396-8504-7262, 809-167-404, 82-26-64-71, 12EY-9EY-11EY-8EY-15EY-6EY
29/09/2022,92129,68334, 70735-51228, 30792-09411-13941-98786-31667-15756, 3837-4684-8365-2866, 7969-2248-2682-1783-9037-4282, 522-777-486, 26-03-94-76, 15EZ-7EZ-6EZ-8EZ-12EZ-1EZ
28/09/2022,41946,37992, 99881-91950, 49017-20483-16317-30969-39736-05788, 9513-1650-8588-6805, 7872-2543-5183-9311-7738-9622, 942-348-751, 23-76-66-37, 9DA-11DA-14DA-3DA-13DA-10DA
27/09/2022,77390,44227, 07899-14634, 63455-73781-29319-20235-27180-54670, 9671-9583-6464-8484, 8179-7748-8340-8528-5731-5985, 248-744-402, 20-92-88-50, 7DB-13DB-1DB-12DB-10DB-14DB
26/09/2022,93712,6763, 50213-34368, 32501-94496-09495-19650-16988-69377, 6160-0094-1043-2015, 2987-0826-6345-2156-3187-9763, 884-736-215, 62-69-61-05, 10DC-20DC-2DC-14DC-8DC-5DC-11DC-18DC
25/09/2022,59509,36837, 50137-94982, 38607-71890-94928-23815-97833-95667, 1818-5842-0140-4657, 3701-6434-4520-4327-6864-4674, 104-934-481, 89-37-57-16, 3DE-6DE-2DE-9DE-12DE-11DE
24/09/2022,8154,1140, 39583-05213, 67243-04747-99009-14386-47068-86540, 8467-7574-1579-7138, 0386-8686-5211-9162-0166-5909, 368-823-443, 08-34-78-91, 6DF-9DF-4DF-14DF-2DF-8DF
23/09/2022,79436,63302, 75772-78656, 69170-12911-94608-26376-57000-53326, 3605-3596-2870-5392, 0160-3795-0046-7968-4321-9567, 724-174-453, 01-53-48-49, 3DG-15DG-9DG-5DG-12DG-2DG
22/09/2022,76777,14235, 67639-39627, 11078-35566-60396-76531-52810-77165, 1992-5460-0527-7755, 5119-6943-5185-6519-4917-0751, 495-283-089, 37-75-66-01, 6DH-12DH-8DH-5DH-11DH-14DH
21/09/2022,44823,4642, 28539-90167, 57514-55801-03094-14585-30266-70855, 7785-6343-5951-3385, 5136-4603-1640-7743-5004-9439, 380-518-321, 05-26-16-94, 15DK-9DK-14DK-5DK-2DK-7DK
20/09/2022,50221,51429, 03694-87656, 84226-05736-37676-53627-63292-57192, 9164-3207-6899-0093, 0799-2165-7646-4794-0908-0008, 818-799-831, 71-10-04-40, 11DL-7DL-1DL-3DL-10DL-9DL
19/09/2022,62198,45485, 76774-74253, 18739-41960-51934-31194-39042-78008, 2546-5002-0826-2950, 7124-9884-5639-3108-6204-5861, 927-362-456, 95-77-72-22, 8DM-5DM-14DM-15DM-4DM-7DM
18/09/2022,14894,36603, 09941-58304, 25494-16326-17346-02170-77335-45416, 2580-6226-0074-0880, 6188-2187-0423-0407-4042-0222, 781-007-337, 05-00-23-64, 5DN-8DN-1DN-7DN-14DN-10DN
17/09/2022,55890,82995, 85254-99868, 74363-31000-98734-25095-92211-67172, 5992-5247-0426-6302, 1049-1972-3323-0748-3642-0676, 084-250-098, 65-71-29-25, 11DP-10DP-6DP-14DP-9DP-8DP
16/09/2022,48715,90716, 56928-41080, 43187-69772-54529-67275-81565-74877, 6222-2420-3750-8550, 6817-6756-4721-1214-2847-5145, 847-449-541, 90-89-86-84, 3DQ-1DQ-14DQ-11DQ-15DQ-6DQ
15/09/2022,87354,95705, 63025-08721, 37527-77157-47318-04777-03121-08569, 6606-8058-1050-3792, 3383-3124-5188-4666-1071-0378, 296-672-723, 47-04-81-95, 5DR-6DR-14DR-11DR-8DR-9DR
14/09/2022,66581,70165, 25649-75110, 24053-74602-11614-17793-38255-41413, 6240-7984-0724-3955, 7903-9567-1600-2103-4654-3565, 851-525-505, 92-08-74-99, 15DS-14DS-8DS-2DS-4DS-3DS
13/09/2022,21776,55643, 39452-83110, 59555-55905-20167-47278-21686-14131, 7684-5001-9636-8397, 9117-6829-9603-5470-7539-1013, 291-438-718, 66-68-97-85, 13DT-10DT-8DT-11DT-9DT-12DT
12/9/2022,55448,93409, 19965-60859, 99851-03123-34167-27971-32321-04504, 9860-0467-9764-1555, 0828-1089-2239-3967-4868-6380, 668-676-301, 32-82-40-75, 15DU-1DU-5DU-2DU-10DU-11DU
11/9/2022,99951,20446, 01749-04947, 48714-13415-43233-47562-05148-54399, 2349-1167-2271-6497, 7617-3249-4218-7009-3163-8093, 487-249-588, 77-75-23-39, 4DV-7DV-14DV-15DV-10DV-8DV
10/9/2022,17535,74421, 07598-02432, 21437-09706-21647-65512-61974-19816, 8924-4536-0250-0862, 0003-1179-3370-0816-9711-1183, 340-431-743, 68-48-55-78, 10DX-17DX-9DX-19DX-20DX-14DX-2DX-1DX
9/9/2022,1293,80770, 15337-47742, 84235-63153-17132-31890-86262-24310, 6151-3354-6145-9246, 9155-7143-8319-1406-5014-2761, 565-455-052, 20-96-86-74, 7DY-5DY-3DY-10DY-12DY-1DY
8/9/2022,75743,11926, 27509-34830, 11602-69444-33782-75307-33035-45370, 4612-1310-5450-6192, 4529-5787-8580-7087-6706-7842, 149-438-967, 61-14-90-71, 14DZ-9DZ-4DZ-12DZ-8DZ-3DZ
7/9/2022,51169,94457, 78799-03878, 13499-40399-00736-26519-77848-43755, 1647-1886-5154-9435, 1922-6900-2163-1338-6990-7333, 406-664-314, 19-90-98-64, 7CA-9CA-6CA-10CA-4CA-8CA
6/9/2022,44816,5276, 93856-11335, 10102-00373-21645-96634-97458-95218, 7816-1527-1194-7121, 5920-9616-0916-7933-1269-6917, 031-502-902, 43-97-00-86, 2CB-3CB-9CB-11CB-1CB-4CB
5/9/2022,1548,24105, 97886-05221, 40800-37871-20859-72800-54653-88845, 0439-7366-0464-1971, 1811-4985-1123-8003-0173-1572, 022-988-617, 56-06-23-95, 9CD-10CD-8CD-4CD-3CD-6CD
4/9/2022,62111,65882, 91035-75523, 85149-89326-71871-17117-93037-84404, 3603-3588-6843-4166, 7521-1955-8223-7024-1399-5665, 583-316-989, 78-58-10-15, 4CE-10CE-6CE-7CE-14CE-2CE
3/9/2022,47153,58840, 46746-06592, 55536-69384-11121-74022-32334-51107, 0663-4302-2240-1784, 4784-5764-8242-0620-9295-3524, 188-854-617, 32-43-04-71, 7CF-12CF-15CF-6CF-11CF-5CF
2/9/2022,3138,55336, 16287-50610, 23213-94611-93054-99001-36062-64565, 7738-6383-2433-9941, 2750-0335-6575-3757-2714-9100, 469-117-171, 10-09-33-02, 15CG-8CG-11CG-7CG-5CG-9CG
1/9/2022,69488,89786, 68416-20989, 45860-53290-69426-73508-69579-36407, 5838-2680-0316-1899, 2093-4220-1206-7177-8083-7727, 287-915-111, 03-37-59-84, 12CH-6CH-7CH-9CH-13CH-15CH
31/08/2022,92467,4353, 42176-84877, 12922-10803-93157-74468-19809-02943, 4604-4066-6122-8234, 2856-7313-6418-8548-6098-1198, 434-741-689, 39-10-45-48, 12CK-9CK-20CK-7CK-6CK-15CK-2CK-17CK
30/08/2022,96955,63681, 20727-48078, 63705-25369-96438-09380-80303-46713, 5869-8694-2210-7799, 4602-1077-6892-8471-8213-0174, 516-437-295, 70-79-33-68, 3CL-15CL-13CL-9CL-7CL-14CL
29/08/2022,75965,38820, 71575-21773, 11467-84675-61952-95607-14201-55425, 2131-9835-4095-9439, 8213-2982-1312-9421-7692-0890, 343-694-012, 19-70-91-92, 8CM-2CM-13CM-3CM-10CM-11CM
28/08/2022,68144,2532, 39990-30534, 62396-64626-74930-13320-66222-93073, 6152-0959-1223-0684, 7981-5798-9718-8950-1299-9004, 445-126-080, 21-43-03-91, 4CN-8CN-1CN-3CN-10CN-15CN
27/08/2022,89617,36200, 30730-97036, 68220-33704-41987-58944-17845-22571, 7987-8528-4286-1410, 5725-7563-8458-2106-0422-9373, 826-976-447, 07-38-74-42, 7CP-11CP-16CP-2CP-18CP-6CP-9CP-17CP
26/08/2022,89151,13354, 41050-66592, 11829-85952-33618-51263-45682-75002, 7290-0543-6438-1691, 8156-7005-8893-7464-5566-9131, 314-530-391, 55-24-88-02, 13CQ-3CQ-1CQ-11CQ-4CQ-5CQ
25/08/2022,28670,79137, 56442-84712, 87818-27183-80085-51167-33296-77942, 5364-0801-3433-1535, 5500-3252-4260-9739-5644-8974, 781-074-605, 74-87-35-29, 9CR-7CR-6CR-8CR-14CR-1CR
24/08/2022,24832,9710, 19597-96488, 64539-85052-38023-63528-50145-50053, 7281-3051-4175-4357, 0695-7243-3800-3310-3605-3625, 762-017-363, 79-56-97-13, 15CS-8CS-2CS-9CS-7CS-6CS
23/08/2022,63437,69177, 52091-44029, 22569-63552-95456-60454-11084-01964, 3630-3584-9481-9213, 6817-9484-5120-5343-8191-7915, 296-275-142, 00-09-47-88, 12CT-15CT-2CT-7CT-11CT-14CT
22/08/2022,60652,61027, 38872-08164, 30974-87817-00516-93800-35859-72718, 9816-5220-5935-3029, 5672-5791-6269-6512-7642-5634, 284-547-080, 56-31-58-94, 15CU-9CU-8CU-13CU-2CU-5CU
21/08/2022,17965,51526, 11630-27394, 89056-21014-36003-72222-19982-43232, 5056-5006-6540-2620, 8936-4822-8413-4090-5858-3016, 649-685-503, 57-28-49-66, 4CV-7CV-14CV-13CV-2CV-8CV
20/08/2022,10211,10226, 78650-66649, 32250-16424-42617-56575-82534-14503, 8061-4557-2846-6122, 1622-6905-7172-9074-9707-8435, 048-364-120, 76-44-31-19, 1CX-15CX-4CX-3CX-7CX-12CX
19/08/2022,75303,52115, 49450-24190, 39685-51015-16217-74644-90331-13027, 5832-5220-1115-6455, 1424-7115-9192-5255-9861-7330, 344-895-657, 08-96-98-75, 10CY-1CY-8CY-2CY-4CY-13CY
18/08/2022,92993,46562, 68475-79592, 79028-40725-23685-37742-80014-55460, 6168-7173-8075-2828, 8775-8859-2714-4575-5934-7036, 570-463-988, 15-86-87-60, 1CZ-12CZ-7CZ-14CZ-2CZ-3CZ
17/08/2022,54182,38978, 61233-03985, 41334-00280-02948-83461-45989-19870, 7884-5634-5103-8078, 9995-1114-4432-5354-5845-0888, 976-390-601, 26-04-40-91, 2BA-9BA-1BA-6BA-10BA-7BA
16/08/2022,5904,6952, 68041-20939, 60378-64066-12692-84872-11430-60174, 2899-1421-4333-6106, 2708-4857-7045-5878-0546-5721, 609-529-320, 42-83-05-14, 3BC-4BC-1BC-8BC-9BC-15BC
15/08/2022,19117,51486, 27002-45812, 22224-52091-57517-09993-31743-66134, 4783-1074-4928-0171, 0247-7431-9917-7825-0207-5207, 313-533-535, 16-67-93-57, 15BD-8BD-4BD-6BD-5BD-14BD
14/08/2022,90213,96091, 12663-03126, 96299-28353-21524-76131-26295-69804, 3374-8195-2463-7621, 8622-0768-2244-3256-0607-5253, 134-703-689, 74-75-89-06, 1BE-5BE-15BE-12BE-9BE-11BE
13/08/2022,40306,29373, 24629-41347, 71646-95478-96243-76243-78047-19705, 0851-2636-5859-6514, 6873-5940-3430-6666-8160-1699, 731-615-566, 75-88-26-34, 6BF-2BF-11BF-5BF-1BF-14BF
12/8/2022,93970,42956, 73740-91882, 83289-82224-72392-74037-55906-71697, 8776-4418-7445-8959, 1169-0666-5630-9231-9050-2909, 821-686-067, 19-90-38-72, 11BG-17BG-6BG-19BG-2BG-16BG-7BG-3BG
11/8/2022,44082,54663, 92964-99837, 22054-43808-55157-92026-05240-67821, 2738-7721-9324-8774, 9294-5523-0851-6678-6552-6797, 222-573-344, 18-50-01-97, 1BH-3BH-9BH-4BH-15BH-7BH
10/8/2022,42119,46227, 15689-40605, 72931-94336-16191-34533-11281-55440, 3715-6243-8815-2599, 2175-5335-7267-0050-2428-0823, 480-881-114, 00-21-22-60, 3BK-8BK-1BK-11BK-10BK-5BK
9/8/2022,180,8818, 76858-40225, 72014-12353-22770-77701-09071-86478, 2496-0033-3491-3756, 9133-9537-9829-7490-4817-6589, 487-431-615, 29-26-30-37, 6BL-9BL-11BL-10BL-2BL-4BL
8/8/2022,76821,26769, 25934-27097, 43807-18207-37835-64746-96956-71714, 9638-3327-2771-8852, 5803-4206-1658-8429-7592-1323, 531-716-624, 26-15-12-43, 12BM-7BM-13BM-8BM-1BM-10BM
7/8/2022,80395,604, 25509-78144, 59383-34164-25193-99102-86355-12585, 8759-8509-1662-6999, 8566-5673-2593-7055-8534-2576, 870-598-708, 15-08-89-57, 3BN-12BN-10BN-9BN-14BN-4BN
6/8/2022,74873,78243, 71609-86446, 61504-82910-88725-81307-14382-76821, 7562-1111-9085-4994, 5479-4825-7458-8637-4759-5644, 020-634-836, 27-69-71-72, 7BP-12BP-1BP-8BP-2BP-6BP
5/8/2022,49513,91374, 13523-80169, 21823-68922-93413-71315-35384-07823, 0393-0045-1630-7989, 5811-7088-8901-1847-2888-9731, 840-991-794, 73-16-14-67, 10BQ-6BQ-13BQ-5BQ-15BQ-8BQ
4/8/2022,27492,50569, 07770-83906, 50365-06019-82717-45685-55631-41612, 2894-4553-2442-6401, 3139-6062-4573-1868-9701-0743, 972-393-289, 37-36-29-24, 3BR-5BR-8BR-9BR-14BR-13BR
3/8/2022,37686,60371, 33660-43875, 55527-82314-77309-06574-24773-18642, 9148-3426-1501-7519, 9150-5760-3983-1193-2334-6678, 686-240-515, 18-86-51-46, 7BS-9BS-15BS-3BS-4BS-13BS
2/8/2022,36335,79490, 10945-04382, 97683-25643-03670-62577-76608-23625, 1076-7029-2491-7292, 5511-1170-1403-4791-6830-1185, 138-098-480, 67-21-06-93, 2BT-14BT-12BT-7BT-1BT-13BT
1/8/2022,46555,11459, 44331-72670, 09791-21977-96540-46622-69528-69111, 8040-4166-2393-5238, 5081-2597-1948-0507-0291-3793, 693-962-297, 05-62-33-08, 12BU-9BU-7BU-14BU-6BU-8BU
31/07/2022,50267,2643, 88354-35612, 11215-84841-92400-56864-37463-00835, 7282-2781-4459-3005, 3579-4673-8227-3177-8253-7338, 400-582-515, 07-94-69-52, 12BV-5BV-10BV-8BV-2BV-13BV
30/07/2022,96409,33297, 98099-05132, 75396-28088-46255-18481-39865-20146, 9948-0498-4546-5949, 5489-2998-2610-3077-8455-8252, 987-754-354, 98-81-82-60, 13BX-15BX-7BX-4BX-10BX-8BX
29/07/2022,92303,26296, 84138-43275, 36178-06646-53358-95717-80769-17285, 9639-4044-4771-9291, 0020-5037-4532-9624-9484-3294, 394-149-725, 49-15-41-16, 7BY-10BY-6BY-8BY-5BY-15BY-1BY-2BY
28/07/2022,56590,61023, 98472-09449, 04650-98701-87625-84140-86675-56960, 7664-1132-0337-7758, 7166-9054-3476-1670-5560-5790, 413-902-034, 10-94-32-15, 9BZ-11BZ-4BZ-14BZ-5BZ-6BZ
27/07/2022,9155,63250, 61771-47619, 30310-69885-83520-14839-34038-91584, 7099-8552-5600-5581, 2215-1315-4090-7585-9842-0531, 712-752-820, 89-15-41-33, 8AB-5AB-12AB-13AB-1AB-7AB
26/07/2022,558,96583, 14877-72399, 55785-71653-68381-74791-63855-46439, 2344-6667-0716-5682, 5996-4337-0076-2698-1030-4113, 217-279-802, 13-35-26-55, 15AC-4AC-14AC-3AC-2AC-6AC
25/07/2022,69502,72642, 04474-23788, 99464-91324-13169-61240-37704-66460, 1056-6840-0293-3918, 3061-5636-5228-4776-9816-9033, 755-637-737, 18-60-02-53, 2AD-11AD-14AD-6AD-9AD-12AD
24/07/2022,22857,51386, 77335-30735, 18856-99500-39036-66458-33795-33105, 8872-2380-7349-9457, 9494-0203-6282-6285-0787-8796, 915-933-632, 00-64-28-01, 3AE-14AE-13AE-7AE-1AE-6AE
23/07/2022,15361,86993, 28048-57745, 41322-93938-52555-61505-86896-02053, 4842-5846-3931-4697, 2370-5850-0727-5103-4180-7072, 000-573-154, 53-87-61-51, 2AF-12AF-1AF-3AF-6AF-9AF
22/07/2022,4093,51457, 29485-11161, 79626-58052-46399-46795-33274-08210, 2990-7622-1306-0513, 4595-0986-6083-6982-6407-4489, 826-697-140, 14-32-84-00, 6AG-10AG-5AG-2AG-12AG-9AG
21/07/2022,27404,63031, 07886-87611, 64104-40247-35636-99985-97920-16806, 3604-3302-1483-7684, 2046-7396-6791-7731-3754-0516, 440-964-439, 31-90-65-93, 10AH-14AH-13AH-12AH-4AH-6AH
20/07/2022,25496,72929, 78576-63755, 74523-95027-32314-58361-15818-34987, 7507-7435-4693-5772, 8614-0815-9048-3128-2137-4087, 392-139-380, 35-45-90-20, 11AK-2AK-5AK-7AK-10AK-3AK
19/07/2022,53393,88480, 98910-16736, 45267-23019-53467-28429-38832-40046, 6803-6055-3124-0841, 4290-7564-9959-6429-4218-2126, 866-403-681, 87-46-22-06, 14AL-8AL-13AL-9AL-15AL-11AL
18/07/2022,36713,35519, 42106-16732, 56205-07801-71250-96549-48172-53627, 6514-7649-3048-9094, 4750-4156-4362-2281-3698-8250, 866-829-556, 94-95-33-10, 15AM-6AM-7AM-4AM-14AM-11AM
17/07/2022,66327,20157, 03078-20001, 22771-88156-52404-55038-43610-12392, 1519-2533-8023-6421, 4871-4766-9593-2960-7430-5438, 675-358-168, 24-34-89-90, 8AN-14AN-7AN-15AN-11AN-13AN
16/07/2022,77064,71741, 72337-44659, 44394-66969-40892-93397-87057-98369, 6540-4164-0571-4718, 7806-5487-9072-5446-0798-2999, 814-546-246, 60-48-66-47, 5AP-12AP-13AP-9AP-15AP-11AP
